case;name;gender
1;Joao da Silva;male
2;Jane Smith;female
3;Carlos Fossi;male
4;Fiona Bernine;female
5;David Walsh;male
6;Emily Rossi;female
7;Michael O'Sullivan;male
8;Laura Golvatte;female
9;Brian Kelly;male
10;Sarah O'Neill;female
11;Kevin O'Connor;male
12;Lisa O'Brien;female
13;Sean Ryan;male
14;Aoife Walsh;female
15;Patrick Fitzgerald;male
16;Ciara Druman;female
17;Niall O'Kelly;male
18;Emma O'Sullivan;female
19;Shane McCarthy;male
20;Aisling Murphy;female
21;Maria Silva;female
22;Thomas Brown;male
23;Lucia Russo;female
24;Eoin Murphy;male
25;Elizabeth Johnson;female
26;James O'Reilly;male
27;Sophia Reggata;female
28;Liam Thompson;male
29;Olivia Garcia;female
30;Noah Martinez;male
31;Ana Santos;female
32;Mark Johnson;male
33;Giulia Bianchi;female
34;Sean O'Brien;male
35;Emma Walsh;female
36;David Silva;male
37;Laura Kelly;female
38;Manolo Bennet;male
39;Francesca Loratto;female
40;Kevin Byrne;male
41;Lisa Parcinallo;female
42;Aoife Fitzgerald;female
43;Patrick O'Connor;male
44;Ciara O'Sullivan;female
45;Niall Walsh;male
46;Emma O'Kelly;female
47;Shane Byrne;male
48;Aisling Thompson;female
49;Maria Garcia;female
50;Thomas Martinez;male
51;Lucas Silva;male
52;Isabella Brown;female
53;Matteo Russo;male
54;Ava Murphy;female
55;Oliver Johnson;male
56;Mia O'Reilly;female
57;Sophia Williams;female
58;Paulo Oliveira;male
59;Aoife Thompson;female
60;Noah Martinez;male
61;Daniel O'Brien;male
62;Emily Fitzgerald;female
63;Michael O'Connor;male
64;Chloe O'Sullivan;female
65;Benjamin Walsh;male
66;Lily O'Kelly;female
67;Alexander Guimarães;male
68;Grace Thompson;female
69;Maria Tarcien;female
70;Thomas Martinez;male
71;John Smith;male
72;Emma Johnson;female
73;Liam Brown;male
74;Olivia Garcia;female
75;Noah Davis;male
76;Isabella Martinez;female
77;Sophia Wilson;female
78;Liam Anderson;male
79;Olivia Thomas;female
80;Noah Jackson;male
81;Daniel Rodriguez;male
82;Emily Lee;female
83;Michele Gonzalez;female
84;Chloe Moore;female
85;Benjamin Taylor;male
86;Lily Anderson;female
87;Alexander Harris;male
88;Grace Clark;female
89;Mary Robinson;female
90;Thomas Walker;male
91;Lucas Mendez;male
92;Isabella Hernandez;female
93;Matteo King;male
94;Ava Wright;female
95;Oliver Lopez;male
96;Mia Hill;female
97;Sophia Scott;female
98;Liana Soares;male
99;Olivia Mendez;female
100;Noah Baker;male
